Rk,Player,salary,Pos,Age,Tm,G,GS,MP,FG,FGA,FG%,3P,3PA,3P%,2P,2PA,2P%,eFG%,FT,FTA,FT%,ORB,DRB,TRB,AST,STL,BLK,TOV,PF,PTS
178,Aaron Gordon,19863636,PF,24,ORL,62,62,32.5,5.4,12.4,0.437,1.2,3.8,0.308,4.2,8.5,0.494,0.484,2.4,3.6,0.674,1.7,5.9,7.7,3.7,0.8,0.6,1.6,2,14.4
222,Aaron Holiday,2329200,PG,23,IND,66,33,24.5,3.5,8.5,0.414,1.3,3.3,0.394,2.2,5.2,0.427,0.491,1.1,1.3,0.851,0.3,2,2.4,3.4,0.8,0.2,1.3,1.8,9.5
362,Abdel Nader,1618520,SF,26,OKC,55,6,15.8,2.2,4.8,0.468,0.9,2.3,0.375,1.4,2.5,0.556,0.559,0.9,1.2,0.773,0.3,1.6,1.8,0.7,0.4,0.4,0.8,1.4,6.3
228,Al Horford,28000000,C,33,PHI,67,61,30.2,4.8,10.6,0.45,1.5,4.2,0.35,3.3,6.4,0.516,0.52,0.9,1.2,0.763,1.5,5.3,6.8,4,0.8,0.9,1.2,2.1,11.9
80,Alec Burks,1620564,SF-SG,28,TOT,66,19,26.6,4.9,11.6,0.418,1.8,4.6,0.385,3.1,7.1,0.439,0.493,3.6,4,0.887,0.7,3.5,4.3,2.9,0.9,0.3,1.4,1.9,15
93,Alex Caruso,2750000,PG,25,LAL,64,2,18.4,1.9,4.5,0.412,0.6,1.9,0.333,1.3,2.7,0.468,0.481,1.1,1.5,0.734,0.3,1.7,1.9,1.9,1.1,0.3,0.8,1.5,5.5
293,Alex Len,4160000,C,26,TOT,55,12,17.6,3.2,5.8,0.555,0.3,1.1,0.271,2.9,4.7,0.619,0.58,1.2,1.9,0.648,1.8,4,5.8,0.9,0.4,0.9,1,2.3,8
9,Al-Farouq Aminu,9258000,PF,29,ORL,18,2,21.1,1.4,4.8,0.291,0.5,2,0.25,0.9,2.8,0.32,0.343,1.1,1.6,0.655,1.3,3.5,4.8,1.2,1,0.4,0.9,1.5,4.3
329,Alfonzo McKinnie,1500000,SF,27,CLE,40,1,14.8,1.8,4.3,0.427,0.4,1.6,0.215,1.5,2.7,0.557,0.468,0.6,0.8,0.71,0.9,1.9,2.8,0.4,0.6,0.2,0.7,1.8,4.6
254,Alize Johnson,1416852,PF,23,IND,17,1,6.9,0.7,1.7,0.414,0.2,0.5,0.375,0.5,1.2,0.429,0.466,0.4,0.6,0.7,0.9,1.9,2.8,0.4,0.2,0.1,0.4,0.7,2
115,Allen Crabbe,18500000,SG-SF,27,TOT,37,1,17.6,1.7,4.8,0.356,1,3.2,0.303,0.7,1.6,0.466,0.458,0.3,0.4,0.714,0.3,1.8,2.1,0.9,0.4,0.1,0.5,1.3,4.6
251,Amile Jefferson,1529007,PF,26,ORL,18,0,4.1,0.3,0.8,0.357,0,0,,0.3,0.8,0.357,0.357,0.3,0.8,0.357,0.6,0.7,1.3,0.2,0.1,0.2,0.2,0.4,0.8
140,Andre Drummond,27093019,C,26,DET,49,48,33.8,7.3,13.9,0.53,0,0.4,0.048,7.3,13.4,0.546,0.531,3,5.2,0.584,4.6,11.2,15.8,2.8,2,1.7,3.6,3.6,17.8
237,Andre Iguodala,17185185,SF,36,MIA,21,0,19.9,1.8,4.2,0.432,0.7,2.2,0.298,1.1,2,0.585,0.511,0.3,0.7,0.4,0.8,2.9,3.7,2.4,0.7,1,1.2,1.7,4.6
123,Anthony Davis,27093018,PF,26,LAL,62,62,34.4,8.9,17.7,0.503,1.2,3.5,0.33,7.7,14.2,0.546,0.536,7.2,8.5,0.846,2.3,7,9.3,3.2,1.5,2.3,2.5,2.5,26.1
393,Anžejs Pasečņiks,482144,C,24,WAS,27,0,16.2,2.3,4.3,0.526,0,0.1,0,2.3,4.2,0.54,0.526,1.3,2.1,0.586,1.6,2.4,4,0.7,0.3,0.4,0.9,2.8,5.8
32,Aron Baynes,5453280,C,33,PHO,42,28,22.2,4.4,9.1,0.48,1.4,4,0.351,3,5.1,0.582,0.558,1.3,1.8,0.747,1.7,4,5.6,1.6,0.2,0.5,1.2,3.4,11.5
59,Avery Bradley,4767000,SG,29,LAL,49,44,24.2,3.5,7.8,0.444,1.3,3.5,0.364,2.2,4.3,0.51,0.526,0.4,0.5,0.833,0.4,2,2.3,1.3,0.9,0.1,1,2.2,8.6
2,Bam Adebayo,3454080,PF,22,MIA,72,72,33.6,6.1,11,0.557,0,0.2,0.143,6.1,10.8,0.564,0.558,3.7,5.3,0.691,2.4,7.8,10.2,5.1,1.1,1.3,2.8,2.5,15.9
331,Ben McLemore,2028594,SF,26,HOU,71,23,22.8,3.4,7.7,0.444,2.5,6.4,0.4,0.9,1.3,0.656,0.61,0.7,0.9,0.746,0.3,1.9,2.2,0.8,0.6,0.2,0.7,2.2,10.1
45,Bismack Biyombo,17000000,C,27,CHO,53,29,19.4,2.8,5.2,0.543,0,0,,2.8,5.2,0.543,0.543,1.7,2.8,0.603,2.3,3.5,5.8,0.9,0.2,0.9,0.9,2.2,7.4
190,Blake Griffin,34449964,PF,30,DET,18,18,28.4,4.9,13.9,0.352,1.5,6.2,0.243,3.4,7.7,0.439,0.406,4.2,5.4,0.776,0.9,3.7,4.7,3.3,0.4,0.4,2.2,1.5,15.5
48,Bogdan Bogdanović,8529386,SG,27,SAC,61,28,29,5.5,12.6,0.44,2.7,7.2,0.372,2.8,5.3,0.532,0.547,1.4,1.9,0.741,0.4,3,3.4,3.4,1,0.2,1.7,2.2,15.1
49,Bojan Bogdanović,17000000,SF,30,UTA,63,63,33.1,6.6,14.8,0.447,3,7.3,0.414,3.6,7.6,0.479,0.548,4,4.4,0.903,0.6,3.5,4.1,2.1,0.5,0.1,2.5,1.7,20.2
35,Bradley Beal,27093019,SG,26,WAS,57,57,36,10.4,22.9,0.455,3,8.4,0.353,7.4,14.4,0.515,0.52,6.8,8,0.842,0.9,3.3,4.2,6.1,1.2,0.4,3.4,2.2,30.5
102,Brandon Clarke,2478840,PF,23,MEM,58,4,22.4,5.1,8.3,0.618,0.4,1.1,0.359,4.7,7.2,0.658,0.642,1.5,1.9,0.759,1.6,4.4,5.9,1.4,0.6,0.8,0.9,1.7,12.1
177,Brandon Goodwin,522738,PG,24,ATL,34,1,12.6,2.2,5.6,0.4,0.8,2.6,0.299,1.5,3,0.485,0.468,0.8,0.9,0.933,0.3,1.8,2.1,1.5,0.4,0.1,0.9,1.3,6.1
240,Brandon Ingram,7265485,PF,22,NOP,62,62,33.9,8.2,17.7,0.463,2.4,6.2,0.391,5.8,11.5,0.501,0.531,5,5.9,0.851,0.8,5.3,6.1,4.2,1,0.6,3,2.9,23.8
275,Brandon Knight,15643750,SG,28,TOT,25,3,18.5,2.4,6.7,0.353,1.8,5.2,0.344,0.6,1.4,0.389,0.488,0.8,1.4,0.588,0.2,1.5,1.6,2.8,0.4,0.1,1.5,1.6,7.3
57,Brian Bowen,1416852,SF,21,IND,6,1,5.2,0.5,1.7,0.3,0,0.3,0,0.5,1.3,0.375,0.3,0,0,,0.2,1,1.2,0,0,0.2,0.2,0.5,1
300,Brook Lopez,12093023,C,31,MIL,68,67,26.7,4.3,9.9,0.435,1.5,4.8,0.314,2.8,5.1,0.549,0.511,1.9,2.2,0.836,0.9,3.7,4.6,1.5,0.7,2.4,1,2.4,12
70,Bruce Brown,1416852,PG,23,DET,58,43,28.2,3.4,7.7,0.443,0.6,1.7,0.344,2.8,6.1,0.47,0.48,1.5,2.1,0.739,1.1,3.7,4.7,4,1.1,0.5,1.7,2.8,8.9
83,Bruno Caboclo,1845301,C,24,TOT,30,0,8.1,1.3,3,0.427,0.2,1.1,0.182,1.1,1.9,0.571,0.461,0.3,0.3,0.889,0.8,1.2,2,0.4,0.5,0.6,0.4,1,3
155,Bruno Fernando,1400000,C,21,ATL,56,13,12.7,1.8,3.6,0.518,0.1,0.7,0.135,1.8,2.9,0.605,0.53,0.5,0.9,0.569,1.2,2.3,3.5,0.9,0.3,0.3,0.8,1.9,4.3
158,Bryn Forbes,2875000,SG,26,SAS,63,62,25.1,3.8,9.2,0.417,2.3,6,0.388,1.5,3.2,0.47,0.544,1.2,1.4,0.833,0.2,1.8,2,1.7,0.5,0,0.9,1.8,11.2
218,Buddy Hield,4861208,SG,27,SAC,72,44,30.8,6.9,16.1,0.429,3.8,9.6,0.394,3.2,6.6,0.479,0.545,1.6,1.9,0.846,0.8,3.8,4.6,3,0.9,0.2,2.3,2.3,19.2
338,C.J. Miles,8333333,SF,32,WAS,10,0,16.1,1.9,5.9,0.322,1.1,3.5,0.314,0.8,2.4,0.333,0.415,1.5,2,0.75,0.4,0.8,1.2,1.2,1,0.4,0.4,1.4,6.4
314,Caleb Martin,898310,SF,24,CHO,18,1,17.6,2.1,4.7,0.44,1.1,2.1,0.541,0.9,2.6,0.362,0.56,0.9,1.2,0.81,0.6,1.6,2.1,1.3,0.7,0.4,0.8,1.8,6.2
256,Cameron Johnson,4033440,PF,23,PHO,57,9,22,3.1,7.1,0.435,1.9,4.8,0.39,1.2,2.3,0.526,0.565,0.8,1,0.807,0.9,2.4,3.3,1.2,0.6,0.4,0.6,1.5,8.8
397,Cameron Payne,1737145,SG,25,PHO,8,0,22.9,4.1,8.5,0.485,1.9,3.6,0.517,2.3,4.9,0.462,0.596,0.8,0.9,0.857,0.5,3.4,3.9,3,1,0.3,1.4,2.5,10.9
296,Caris LeVert,2625718,SG,25,BRK,45,31,29.6,6.9,16.3,0.425,1.8,4.9,0.364,5.1,11.4,0.451,0.48,3.1,4.4,0.711,1.1,3.1,4.2,4.4,1.2,0.2,2.6,1.8,18.7
16,Carmelo Anthony,1364204,PF,35,POR,58,58,32.8,5.8,13.5,0.43,1.5,3.9,0.385,4.3,9.6,0.448,0.485,2.3,2.8,0.845,1.2,5.1,6.3,1.5,0.8,0.5,1.7,2.9,15.4
143,Carsen Edwards,1228026,SG,21,BOS,37,0,9.5,1.1,3.5,0.328,0.6,2.1,0.316,0.5,1.4,0.346,0.422,0.4,0.5,0.684,0.2,1.1,1.3,0.6,0.3,0.1,0.4,0.9,3.3
386,Cedi Osman,2907143,SF,24,CLE,65,65,29.4,4.1,9.4,0.437,1.9,4.9,0.383,2.2,4.4,0.497,0.538,1,1.4,0.67,0.6,3,3.6,2.4,0.8,0.2,1.4,2.5,11
235,Chandler Hutchison,2332320,SF,23,CHI,28,10,18.8,2.9,6.3,0.457,0.4,1.4,0.316,2.4,4.9,0.496,0.491,1.6,2.8,0.59,0.6,3.2,3.9,0.9,1,0.3,1,1.7,7.8
391,Chandler Parsons,25102511,PF,31,ATL,5,0,10.8,1,3.6,0.278,0.8,2.8,0.286,0.2,0.8,0.25,0.389,0,0,,0.2,1.2,1.4,0.6,0.8,0.2,0.6,0.6,2.8
129,Cheick Diallo,1678854,C,23,PHO,47,2,10.2,2,3,0.648,0,0.1,0.333,1.9,3,0.655,0.651,0.7,0.8,0.872,0.6,2.1,2.8,0.5,0.2,0.3,0.7,1.2,4.7
335,Chimezie Metu,1416852,C,22,SAS,18,0,5.8,1.3,2.3,0.571,0,0.1,0,1.3,2.2,0.6,0.571,0.6,0.7,0.769,0.7,1.2,1.8,0.6,0.2,0.3,0.6,0.4,3.2
56,Chris Boucher,1588231,C,27,TOR,62,0,13.2,2.3,4.8,0.472,0.6,1.9,0.322,1.7,2.9,0.569,0.535,1.5,1.9,0.784,1.7,2.7,4.5,0.4,0.4,1,0.5,1.8,6.6
105,Chris Clemons,563347,SG,22,HOU,33,0,8.8,1.7,4.3,0.401,1.1,3.2,0.346,0.6,1.1,0.571,0.532,0.3,0.3,0.909,0.1,0.8,0.9,0.8,0.3,0.2,0.6,0.8,4.9
396,Chris Paul,38506482,PG,34,OKC,70,70,31.5,6.2,12.7,0.489,1.6,4.3,0.365,4.6,8.3,0.554,0.552,3.6,4,0.907,0.4,4.6,5,6.7,1.6,0.2,2.3,2.3,17.6
323,CJ McCollum,27556959,SG,28,POR,70,70,36.5,8.7,19.4,0.451,2.8,7.3,0.379,6,12.1,0.494,0.522,2,2.6,0.757,0.7,3.6,4.2,4.4,0.8,0.6,1.8,2.6,22.2
87,Clint Capela,14896552,C,25,HOU,39,39,32.8,6.3,9.9,0.629,0,0,,6.3,9.9,0.629,0.629,1.4,2.7,0.529,4.3,9.5,13.8,1.2,0.8,1.8,1.6,2.6,13.9
315,Cody Martin,1173310,SF,24,CHO,48,3,18.8,1.9,4.3,0.43,0.4,1.6,0.234,1.5,2.7,0.546,0.473,0.9,1.4,0.646,0.8,2.5,3.3,2,0.8,0.2,0.9,1.6,5
266,Cory Joseph,12000000,PG,28,SAC,72,26,24.4,2.4,5.7,0.415,0.8,2.2,0.352,1.6,3.5,0.455,0.483,0.8,1,0.857,0.6,2,2.6,3.5,0.7,0.3,1.1,1.8,6.4
291,Courtney Lee,12759670,SG,34,DAL,24,9,14.4,1.7,3.4,0.488,0.9,2,0.447,0.8,1.5,0.543,0.616,0.3,0.3,0.857,0.3,1,1.3,0.5,0.8,0.3,0.5,1.4,4.5
153,Cristiano Felício,8156500,C,27,CHI,22,0,17.5,1.5,2.5,0.63,0,0.1,0,1.5,2.4,0.654,0.63,0.8,1,0.783,2.5,2.1,4.6,0.7,0.5,0.1,0.8,1.5,3.9
20,D.J. Augustin,7250000,PG,32,ORL,57,13,24.9,3.2,8.1,0.399,1.2,3.5,0.348,2,4.6,0.438,0.475,2.8,3.2,0.89,0.4,1.8,2.1,4.6,0.6,0,1.5,1.3,10.5
262,Damian Jones,2305057,C,24,ATL,55,27,16.1,2.2,3.2,0.68,0,0.2,0.222,2.2,3.1,0.704,0.685,1.1,1.5,0.738,1.3,2.4,3.7,0.6,0.5,0.7,0.5,2.7,5.6
297,Damian Lillard,29802321,PG,29,POR,66,66,37.5,9.5,20.4,0.463,4.1,10.2,0.401,5.4,10.2,0.524,0.563,7,7.8,0.888,0.5,3.8,4.3,8,1.1,0.3,2.9,1.7,30
292,Damion Lee,842327,SG,27,GSW,49,36,29,4.3,10.4,0.417,1.7,4.9,0.356,2.6,5.6,0.471,0.5,2.2,2.6,0.873,0.7,4.2,4.9,2.7,1,0.1,1.4,2.4,12.7
136,Damyean Dotson,1618520,SG,25,NYK,48,0,17.4,2.5,6,0.414,1.2,3.4,0.362,1.3,2.6,0.48,0.516,0.5,0.7,0.667,0.2,1.7,1.9,1.2,0.5,0.1,0.4,0.9,6.7
166,Daniel Gafford,898310,C,21,CHI,43,7,14.2,2.2,3.1,0.701,0,0,,2.2,3.1,0.701,0.701,0.7,1.4,0.533,1.2,1.3,2.5,0.5,0.3,1.3,0.7,2.3,5.1
167,Danilo Gallinari,22615559,PF,31,OKC,62,62,29.6,5.8,13.2,0.438,2.9,7.1,0.405,2.9,6.1,0.476,0.547,4.3,4.8,0.893,0.5,4.6,5.2,1.9,0.7,0.1,1.2,1.2,18.7
185,Danny Green,14634146,SG,32,LAL,68,68,24.8,2.9,7,0.416,1.8,4.8,0.367,1.1,2.2,0.524,0.542,0.5,0.7,0.688,0.8,2.6,3.3,1.3,1.3,0.5,0.9,2,8
150,Dante Exum,9600000,SG,24,TOT,35,1,13.9,1.6,3.4,0.471,0.4,1.2,0.349,1.2,2.2,0.539,0.534,0.9,1.2,0.744,0.3,1.6,1.9,1.1,0.4,0.2,0.9,1.1,4.5
,,,,,,,,,,,,,,,,,,,,,,,,,,,,,,
230,Danuel House,3540000,SF,26,HOU,63,52,30.4,3.7,8.6,0.427,2,5.6,0.363,1.6,2.9,0.549,0.546,1.2,1.4,0.811,0.9,3.3,4.2,1.3,1.1,0.5,0.9,2.1,10.5
34,Darius Bazley,2284800,PF,19,OKC,61,9,18.5,2,5.2,0.394,0.8,2.3,0.348,1.2,2.9,0.432,0.472,0.7,1,0.694,0.5,3.5,4,0.7,0.4,0.7,0.7,0.9,5.6
169,Darius Garland,6400920,SG,20,CLE,59,59,30.9,4.7,11.8,0.401,1.8,5,0.355,3,6.8,0.434,0.476,1.1,1.2,0.875,0.5,1.4,1.9,3.9,0.7,0.1,2.6,1.6,12.3
375,David Nwaba,903111,SF,27,BRK,20,0,13.4,1.9,3.6,0.521,0.6,1.4,0.429,1.3,2.2,0.581,0.606,0.9,1.4,0.667,0.4,1.9,2.3,0.4,0.6,0.6,0.4,1.6,5.2
41,Dāvis Bertāns,7000000,PF,27,WAS,54,4,29.3,4.9,11.3,0.434,3.7,8.7,0.424,1.2,2.6,0.471,0.598,1.9,2.3,0.852,0.6,3.9,4.5,1.7,0.7,0.6,1.1,2.6,15.4
160,De'Aaron Fox,6392760,PG,22,SAC,51,49,32,7.7,16,0.48,1.1,3.6,0.292,6.6,12.4,0.535,0.513,4.7,6.7,0.705,0.7,3.2,3.8,6.8,1.5,0.5,3.1,2.8,21.1
21,Deandre Ayton,9562920,C,21,PHO,38,32,32.5,8.2,14.9,0.546,0.1,0.3,0.231,8.1,14.6,0.553,0.548,1.8,2.3,0.753,3.9,7.6,11.5,1.9,0.7,1.5,2.1,3.1,18.2
39,DeAndre' Bembry,2603982,SG,25,ATL,43,4,21.3,2.4,5.3,0.456,0.3,1.5,0.231,2.1,3.8,0.546,0.489,0.6,1.1,0.542,0.8,2.7,3.5,1.9,1.3,0.4,1.4,2,5.8
234,De'Andre Hunter,7068360,SF,22,ATL,63,62,32,4.4,10.8,0.41,1.7,4.8,0.355,2.7,6,0.454,0.489,1.7,2.3,0.764,0.7,3.8,4.5,1.8,0.7,0.3,1.6,2.9,12.3
265,DeAndre Jordan,9881598,C,31,BRK,56,6,22,3.4,5.1,0.666,0,0,,3.4,5.1,0.666,0.666,1.5,2.2,0.68,2.5,7.5,10,1.9,0.3,0.9,1.3,2,8.3
334,De'Anthony Melton,1416852,PG,21,MEM,60,8,19.5,2.7,6.7,0.401,0.7,2.3,0.286,2,4.4,0.464,0.451,1.6,2,0.769,0.7,3,3.7,2.9,1.3,0.3,1.4,1.8,7.6
357,Dejounte Murray,2321735,PG,23,SAS,66,58,25.6,4.5,9.7,0.462,0.6,1.7,0.369,3.8,8,0.481,0.494,1.4,1.7,0.798,1,4.8,5.8,4.1,1.7,0.3,1.9,2.2,10.9
128,DeMar DeRozan,27739975,SF,30,SAS,68,68,34.1,8.2,15.4,0.531,0.1,0.5,0.257,8.1,14.9,0.54,0.535,5.6,6.6,0.845,0.6,4.9,5.5,5.6,1,0.3,2.4,2.6,22.1
81,Deonte Burton,1416852,SF,26,OKC,39,0,9.1,1.1,3.2,0.344,0.3,1.4,0.189,0.8,1.8,0.458,0.384,0.2,0.4,0.571,0.2,1.3,1.5,0.4,0.2,0.3,0.5,0.9,2.7
152,Derrick Favors,17650000,C,28,NOP,51,49,24.4,4.1,6.6,0.617,0,0.1,0.143,4.1,6.5,0.627,0.618,0.8,1.4,0.563,3.2,6.6,9.8,1.6,0.6,0.9,1.1,2.1,9
263,Derrick Jones Jr.,1645357,SF,22,MIA,59,16,23.3,3.1,5.9,0.527,0.6,2.2,0.28,2.5,3.7,0.677,0.58,1.6,2.1,0.772,1.1,2.8,3.9,1.1,1,0.6,0.5,2.2,8.5
55,Devin Booker,27285000,SG,23,PHO,70,70,35.9,9,18.3,0.489,2,5.7,0.354,6.9,12.6,0.549,0.544,6.7,7.3,0.919,0.4,3.8,4.2,6.5,0.7,0.3,3.8,3,26.6
180,Devonte' Graham,1416852,PG,24,CHO,63,53,35.1,5.8,15.3,0.382,3.5,9.3,0.373,2.4,6,0.397,0.495,3,3.7,0.82,0.7,2.7,3.4,7.5,1,0.2,2.9,1.8,18.2
212,Dewan Hernandez,898310,C,23,TOR,6,0,4.7,0.8,2.3,0.357,0.2,0.3,0.5,0.7,2,0.333,0.393,0.5,0.8,0.6,0.8,1.5,2.3,0.5,0.2,0,0.5,1,2.3
69,Dillon Brooks,1618520,SG,24,MEM,73,73,28.9,6,14.6,0.407,2,5.6,0.358,3.9,9,0.438,0.476,2.2,2.8,0.808,0.9,2.4,3.3,2.1,0.9,0.4,1.7,3.8,16.2
343,Donovan Mitchell,3635760,SG,23,UTA,69,69,34.3,8.7,19.4,0.449,2.5,6.9,0.366,6.2,12.6,0.494,0.513,4,4.7,0.863,0.8,3.6,4.4,4.3,1,0.2,2.7,2.5,24
133,Donte DiVincenzo,2905800,SG,23,MIL,66,24,23,3.5,7.7,0.455,1.3,3.7,0.336,2.3,4,0.567,0.536,1,1.3,0.733,1,3.8,4.8,2.3,1.3,0.3,1.4,1.7,9.2
157,Dorian Finney-Smith,4000000,PF,26,DAL,71,68,29.9,3.4,7.4,0.466,1.6,4.3,0.376,1.8,3.1,0.589,0.575,1.1,1.5,0.722,2,3.7,5.7,1.6,0.6,0.5,1,2.5,9.5
326,Doug McDermott,7333333,PF,28,IND,69,0,19.9,3.9,7.9,0.488,1.9,4.3,0.435,2,3.7,0.549,0.605,0.7,0.8,0.828,0.4,2.1,2.5,1.1,0.2,0.1,0.6,1.7,10.3
186,Draymond Green,18539130,PF,29,GSW,43,43,28.4,2.9,7.3,0.389,0.8,3,0.279,2,4.3,0.465,0.446,1.5,1.9,0.759,0.5,5.7,6.2,6.2,1.4,0.8,2.3,2.6,8
22,Dwayne Bacon,1618520,SG,24,CHO,39,11,17.6,2.2,6.3,0.348,0.5,1.7,0.284,1.7,4.5,0.373,0.387,0.9,1.4,0.66,0.4,2.2,2.6,1.3,0.6,0.1,0.9,1.3,5.7
231,Dwight Howard,1620564,C,34,LAL,69,2,18.9,2.9,4,0.729,0,0.1,0.6,2.9,3.9,0.732,0.735,1.6,3.1,0.514,2.5,4.9,7.3,0.7,0.4,1.1,1.2,3.2,7.5
359,Džanan Musa,1911600,SF,20,BRK,40,0,12.2,1.6,4.3,0.372,0.5,2,0.244,1.1,2.4,0.479,0.427,1.1,1.5,0.75,0.5,1.6,2.2,1.1,0.4,0,0.9,0.8,4.8
124,Ed Davis,4767000,C,30,UTA,28,1,10.8,0.8,1.6,0.478,0,0,,0.8,1.6,0.478,0.478,0.3,0.5,0.5,1.3,2.5,3.8,0.4,0.4,0.3,0.5,2.2,1.8
398,Elfrid Payton,8000000,PG,25,NYK,45,36,27.7,4.3,9.8,0.439,0.3,1.5,0.203,4,8.2,0.482,0.455,1.1,1.9,0.57,1.2,3.6,4.7,7.2,1.6,0.4,2.1,2,10
380,Elie Okobo,1416852,PG,22,PHO,55,3,13.1,1.3,3.3,0.398,0.5,1.3,0.352,0.9,2,0.427,0.467,0.9,1.3,0.704,0.3,1.3,1.6,2.1,0.4,0.1,0.7,1,4
355,Emmanuel Mudiay,1620564,PG,23,UTA,54,2,15.7,2.8,6.1,0.462,0.6,1.6,0.345,2.2,4.4,0.504,0.508,1.2,1.5,0.759,0.3,2,2.3,2.1,0.4,0.2,1.4,1.3,7.3
269,Enes Kanter,4767000,C,27,BOS,58,7,16.9,3.4,6,0.572,0,0.1,0.143,3.4,5.9,0.581,0.573,1.2,1.7,0.707,2.8,4.6,7.4,1,0.4,0.7,1,1.7,8.1
47,Eric Bledsoe,15625000,PG,30,MIL,61,61,27,5.5,11.5,0.475,1.2,3.5,0.344,4.3,8,0.533,0.528,2.8,3.5,0.79,0.7,3.9,4.6,5.4,0.9,0.4,2.4,2.1,14.9
179,Eric Gordon,14057730,SF,31,HOU,36,15,28.2,4.8,12.9,0.369,2.7,8.4,0.317,2.1,4.4,0.469,0.473,2.3,3,0.766,0.3,1.7,2,1.5,0.6,0.4,1.2,1.9,14.4
392,Eric Paschall,898310,PF,23,GSW,60,26,27.6,5.3,10.7,0.497,0.6,2.2,0.287,4.7,8.5,0.55,0.526,2.7,3.5,0.774,1.4,3.2,4.6,2.1,0.5,0.2,1.6,2.1,14
238,Ersan İlyasova,7000000,PF,32,MIL,63,8,15.7,2.3,5,0.466,0.8,2.2,0.365,1.5,2.8,0.545,0.546,1.1,1.4,0.828,1,3.8,4.8,0.8,0.4,0.3,0.5,1.5,6.6
348,E'Twaun Moore,8664928,SG,30,NOP,56,6,18.2,3.3,7.8,0.426,1.1,3,0.377,2.2,4.8,0.456,0.498,0.6,0.8,0.689,0.6,1.8,2.3,1.4,0.6,0.2,0.7,1.4,8.3
159,Evan Fournier,17150000,SF,27,ORL,66,66,31.5,6.6,14.1,0.467,2.6,6.6,0.399,4,7.5,0.527,0.56,2.7,3.3,0.818,0.3,2.3,2.6,3.2,1.1,0.2,1.9,2.4,18.5
244,Frank Jackson,1618520,PG,21,NOP,59,2,13.5,2.3,5.6,0.405,0.8,2.4,0.326,1.5,3.2,0.465,0.476,0.9,1.3,0.747,0.4,1,1.4,1,0.3,0.1,0.8,1.3,6.3
268,Frank Kaminsky,4767000,C,26,PHO,39,13,19.9,3.5,7.9,0.45,1.1,3.2,0.331,2.5,4.7,0.53,0.516,1.6,2.3,0.678,0.9,3.6,4.5,1.9,0.4,0.3,0.9,1.9,9.7
372,Frank Ntilikina,4855800,PG,21,NYK,57,26,20.8,2.3,5.8,0.393,0.8,2.4,0.321,1.5,3.4,0.444,0.459,0.9,1,0.864,0.4,1.7,2.1,3,0.9,0.3,1.2,2.5,6.3
278,Furkan Korkmaz,1620564,SG,22,PHI,72,12,21.7,3.4,7.8,0.43,2,4.9,0.402,1.4,2.9,0.478,0.557,1.1,1.4,0.755,0.3,2.1,2.3,1.1,0.6,0.2,0.8,1.4,9.8
202,Gary Harris,17839286,SG,25,DEN,56,55,31.8,3.9,9.3,0.42,1.3,3.8,0.333,2.6,5.5,0.479,0.487,1.3,1.6,0.815,0.5,2.4,2.9,2.1,1.4,0.3,1.1,2.1,10.4
399,Gary Payton II,1052909,SF,27,WAS,29,17,14.9,1.7,4,0.414,0.4,1.6,0.283,1.2,2.4,0.5,0.47,0.1,0.3,0.5,0.9,1.9,2.8,1.7,1.1,0.2,0.7,1.9,3.9
219,George Hill,9133907,PG,33,MIL,59,2,21.5,3.3,6.4,0.516,1.4,3,0.46,1.9,3.4,0.565,0.624,1.4,1.7,0.842,0.8,2.2,3,3.1,0.8,0.1,1,1.4,9.4
367,Georges Niang,1645357,PF,26,UTA,66,1,14,2.1,4.9,0.438,1.4,3.4,0.4,0.8,1.5,0.526,0.578,0.3,0.4,0.833,0.2,1.7,1.9,0.7,0.3,0.1,0.5,1.1,5.9
13,Giannis Antetokounmpo,25842697,PF,25,MIL,63,63,30.4,10.9,19.7,0.553,1.4,4.7,0.304,9.5,15,0.631,0.589,6.3,10,0.633,2.2,11.4,13.6,5.6,1,1,3.7,3.1,29.5
44,Goga Bitadze,2816760,C,20,IND,54,2,8.7,1.3,2.8,0.467,0.1,0.8,0.19,1.1,2,0.574,0.493,0.4,0.6,0.727,0.5,1.5,2,0.4,0.2,0.7,0.5,1.2,3.2
139,Goran Dragić,19217900,PG,33,MIA,59,3,28.2,5.4,12.3,0.441,2.1,5.7,0.367,3.3,6.5,0.505,0.526,3.2,4.2,0.776,0.5,2.7,3.2,5.1,0.7,0.2,2.4,2.1,16.2
210,Gordon Hayward,32700690,SF,29,BOS,52,52,33.5,6.7,13.5,0.5,1.6,4.3,0.383,5.1,9.2,0.554,0.561,2.4,2.8,0.855,1.1,5.6,6.7,4.1,0.7,0.4,1.8,1.8,17.5
6,Grayson Allen,2429400,SG,24,MEM,38,0,18.9,3.1,6.6,0.466,1.5,3.7,0.404,1.6,2.9,0.545,0.58,1,1.2,0.867,0.2,2,2.2,1.4,0.3,0.1,0.9,1.4,8.7
130,Hamidou Diallo,1416852,SF,21,OKC,46,3,19.5,2.9,6.4,0.446,0.3,1.2,0.281,2.5,5.2,0.485,0.473,0.8,1.4,0.603,1,2.7,3.6,0.8,0.8,0.2,1.1,2.2,6.9
27,Harrison Barnes,24147727,PF,27,SAC,72,72,34.5,5.1,11,0.46,1.4,3.7,0.381,3.7,7.3,0.501,0.525,3,3.7,0.801,1.1,3.9,4.9,2.2,0.6,0.2,1.2,1.3,14.5
174,Harry Giles,2578800,C,21,SAC,46,17,14.5,3,5.5,0.554,0,0,0,3,5.4,0.558,0.554,0.8,1.1,0.776,0.9,3.2,4.1,1.3,0.5,0.4,1,2.6,6.9
309,Ian Mahinmi,15450051,C,33,WAS,38,35,21.3,2.7,5.5,0.495,0.1,0.7,0.192,2.6,4.8,0.538,0.507,1.8,3,0.619,2.1,3.7,5.7,1.3,0.8,1.2,1.2,3,7.4
62,Ignas Brazdeikis,898310,SF,21,NYK,9,0,5.9,0.7,2.4,0.273,0.1,1,0.111,0.6,1.4,0.385,0.295,0.4,0.6,0.8,0.2,0.3,0.6,0.4,0,0.1,0.2,0.3,1.9
54,Isaac Bonga,1416842,SF,20,WAS,66,49,18.9,1.8,3.5,0.504,0.4,1.1,0.352,1.4,2.5,0.571,0.558,1,1.3,0.812,1.1,2.3,3.4,1.2,0.7,0.3,0.9,2.4,5
207,Isaiah Hartenstein,1416852,C,21,HOU,23,2,11.6,1.9,2.9,0.657,0,0.2,0,1.9,2.7,0.71,0.657,0.8,1.2,0.679,1.3,2.7,3.9,0.8,0.4,0.5,0.7,1.8,4.7
26,J.J. Barea,1620564,PG,35,DAL,29,6,15.5,2.9,7.1,0.411,1.1,2.9,0.376,1.8,4.2,0.434,0.488,0.7,0.8,0.909,0.3,1.5,1.8,3.9,0.2,0.1,1.3,0.9,7.7
349,Ja Morant,8730240,PG,20,MEM,67,67,31,6.7,14,0.477,0.9,2.7,0.335,5.8,11.3,0.511,0.509,3.6,4.6,0.776,0.8,3.1,3.9,7.3,0.9,0.3,3.3,1.6,17.8
390,Jabari Parker,6500000,PF,24,ATL,32,23,26.2,6.2,12.3,0.504,1,3.6,0.27,5.2,8.7,0.601,0.543,1.7,2.3,0.736,1.7,4.3,6,1.8,1.3,0.5,1.9,2.9,15
118,Jae Crowder,7815533,SF,29,MEM,45,45,29.4,3.3,8.9,0.368,1.7,5.9,0.293,1.5,3,0.519,0.466,1.7,2.1,0.789,0.9,5.3,6.2,2.8,1,0.3,1.2,1.9,9.9
379,Jahlil Okafor,1702486,C,24,NOP,30,9,15.6,3.4,5.4,0.623,0,0.1,0.333,3.3,5.3,0.629,0.627,1.3,2.1,0.645,1.6,2.6,4.2,1.2,0.2,0.7,1.3,2.2,8.1
288,Jake Layman,3581986,SF,25,MIN,23,2,22,3.5,7.8,0.453,1,3.1,0.333,2.5,4.7,0.533,0.52,1,1.4,0.75,0.7,1.7,2.5,0.7,0.7,0.4,1,2,9.1
403,Jakob Poeltl,3754886,C,24,SAS,66,18,17.7,2.5,4,0.624,0,0,,2.5,4,0.624,0.624,0.6,1.3,0.465,2,3.7,5.7,1.8,0.6,1.4,0.8,1.9,5.6
76,Jalen Brunson,1416852,PG,23,DAL,57,16,17.9,3.2,6.8,0.466,0.8,2.1,0.358,2.4,4.7,0.515,0.522,1.1,1.3,0.813,0.4,2,2.4,3.3,0.4,0.1,1.2,1.3,8.2
290,Jalen Lecque,898310,SG,19,PHO,5,0,6.4,0.8,2,0.4,0,0.8,0,0.8,1.2,0.667,0.4,0.4,0.4,1,0,0.4,0.4,0.4,0,0,0.4,0.6,2
325,Jalen McDaniels,898310,SF,22,CHO,16,0,18.3,2.1,4.4,0.471,0.6,1.5,0.375,1.5,2.9,0.522,0.536,0.9,1.1,0.824,0.9,3.1,4.1,0.8,0.5,0.2,0.7,2.3,5.6
358,Jamal Murray,4444746,PG,22,DEN,59,59,32.3,6.9,15.2,0.456,1.9,5.5,0.346,5,9.7,0.519,0.519,2.8,3.1,0.881,0.8,3.2,4,4.8,1.1,0.3,2.2,1.7,18.5
147,James Ennis,1882867,SF,29,PHI,49,0,15.8,2,4.6,0.442,0.8,2.2,0.349,1.3,2.4,0.525,0.524,1,1.2,0.787,1,2.1,3.1,0.8,0.5,0.3,0.6,1.7,5.8
198,James Harden,38199000,SG,30,HOU,68,68,36.5,9.9,22.3,0.444,4.4,12.4,0.355,5.5,9.9,0.556,0.543,10.2,11.8,0.865,1,5.5,6.6,7.5,1.8,0.9,4.5,3.3,34.3
257,James Johnson,15349400,PF,32,MIA,18,0,15.6,2.2,4.8,0.448,0.9,2.5,0.356,1.3,2.3,0.548,0.54,0.4,0.8,0.571,0.4,2.4,2.9,1.2,0.3,0.7,0.8,1.9,5.7
187,JaMychal Green,4767000,PF,29,LAC,63,1,20.7,2.4,5.6,0.429,1.5,3.8,0.387,0.9,1.8,0.518,0.56,0.6,0.8,0.75,1.2,4.9,6.2,0.8,0.5,0.4,0.9,2.8,6.8
141,Jared Dudley,1620564,PF,34,LAL,45,1,8.1,0.5,1.3,0.4,0.4,0.9,0.429,0.1,0.4,0.333,0.55,0,0,1,0.1,1,1.2,0.6,0.3,0.1,0.2,0.9,1.5
245,Jaren Jackson Jr.,6927480,C,20,MEM,57,57,28.5,6.2,13.2,0.469,2.5,6.5,0.394,3.6,6.8,0.54,0.565,2.4,3.3,0.747,1,3.6,4.6,1.4,0.7,1.6,1.7,4.1,17.4
7,Jarrett Allen,2376840,C,21,BRK,70,64,26.5,4.3,6.6,0.649,0,0.1,0,4.3,6.6,0.658,0.649,2.4,3.9,0.633,3.1,6.5,9.6,1.6,0.6,1.3,1.1,2.3,11.1
119,Jarrett Culver,5813640,SG,20,MIN,63,35,23.9,3.7,9,0.404,1,3.5,0.299,2.6,5.5,0.471,0.462,0.9,1.9,0.462,1.1,2.3,3.4,1.7,0.9,0.6,1.3,2,9.2
327,JaVale McGee,4000000,C,32,LAL,68,68,16.6,2.9,4.5,0.637,0,0.1,0.5,2.8,4.4,0.64,0.642,0.8,1.2,0.646,1.8,3.9,5.7,0.5,0.5,1.4,0.8,2.3,6.6
188,Javonte Green,898310,SG,26,BOS,48,2,9.8,1.3,2.6,0.5,0.2,0.7,0.273,1.1,1.9,0.581,0.536,0.6,0.9,0.667,0.5,1.4,1.9,0.5,0.5,0.2,0.5,0.9,3.4
209,Jaxson Hayes,4862040,C,19,NOP,64,14,16.9,2.7,4,0.672,0,0.1,0.25,2.7,4,0.678,0.674,1.9,3,0.647,1.5,2.5,4,0.9,0.4,0.9,0.8,2.5,7.4
72,Jaylen Brown,6534829,SG,23,BOS,57,57,33.9,7.5,15.6,0.481,2.3,5.9,0.382,5.2,9.6,0.543,0.554,3.1,4.3,0.724,1.1,5.3,6.4,2.1,1.1,0.4,2.2,2.9,20.3
371,Jaylen Nowell,1400000,SG,20,MIN,15,0,10.1,1.3,3.5,0.358,0.2,1.7,0.115,1.1,1.8,0.593,0.387,1.1,1.1,0.941,0.2,0.7,0.9,1.3,0.2,0.1,0.2,0.7,3.8
189,Jeff Green,439475,C,33,HOU,18,2,22.6,4.7,8.3,0.564,1.6,4.4,0.354,3.1,3.9,0.8,0.658,1.3,1.6,0.857,0.6,2.3,2.9,1.7,0.8,0.5,0.8,2.4,12.2
182,Jerami Grant,9346153,PF,25,DEN,71,24,26.6,4.3,8.9,0.478,1.4,3.5,0.389,2.9,5.4,0.537,0.555,2.1,2.8,0.75,0.8,2.7,3.5,1.2,0.7,0.8,0.9,2.2,12
284,Jeremy Lamb,10500000,SG,27,IND,46,42,28.1,4.7,10.4,0.451,1.2,3.4,0.335,3.5,7,0.508,0.506,2,2.4,0.836,0.5,3.8,4.3,2.1,1.2,0.5,1.1,2.3,12.5
89,Jevon Carter,1416852,PG,24,PHO,58,2,16.3,1.7,4.2,0.416,1.1,2.5,0.425,0.7,1.7,0.402,0.543,0.4,0.5,0.852,0.5,1.5,2,1.4,0.8,0.3,0.6,1.5,4.9
82,Jimmy Butler,32742000,SF,30,MIA,58,58,33.8,5.9,13.1,0.455,0.5,2.1,0.244,5.4,11,0.495,0.474,7.6,9.1,0.834,1.8,4.8,6.7,6,1.8,0.6,2.2,1.4,19.9
203,Joe Harris,7666667,SF,28,BRK,69,69,30.8,5.5,11.4,0.486,2.5,5.9,0.424,3,5.5,0.553,0.596,0.9,1.3,0.719,0.9,3.4,4.3,2.1,0.6,0.2,1.5,2.3,14.5
239,Joe Ingles,11954546,PF,32,UTA,72,45,29.7,3.4,7.7,0.445,2,4.9,0.399,1.5,2.8,0.525,0.572,1,1.3,0.787,0.4,3.5,3.9,5.2,0.9,0.2,2,2.1,9.8
146,Joel Embiid,27504630,C,25,PHI,51,51,29.5,7.5,15.7,0.477,1.1,3.4,0.331,6.4,12.3,0.517,0.512,6.9,8.5,0.807,2.8,8.9,11.6,3,0.9,1.3,3.1,3.4,23
108,John Collins,2686560,PF,22,ATL,41,41,33.2,8.6,14.8,0.583,1.4,3.6,0.401,7.2,11.2,0.642,0.632,2.9,3.7,0.8,2.8,7.3,10.1,1.5,0.8,1.6,1.8,3.4,21.6
211,John Henson,9732396,C,29,CLE,29,2,14.2,2.1,4.1,0.508,0.2,1.1,0.194,1.9,3.1,0.618,0.533,0.6,1.1,0.515,1.1,2.8,3.9,1.5,0.6,1.1,0.7,1.9,5
51,Jonah Bolden,1698450,C,24,PHI,4,0,3.5,0.5,0.8,0.667,0,0.3,0,0.5,0.5,1,0.667,0,0.5,0,0,0.3,0.3,0,0.3,0,0.5,1,1
242,Jonathan Isaac,5806440,PF,22,ORL,34,32,28.8,4.6,9.8,0.47,0.9,2.8,0.34,3.6,7,0.521,0.518,1.8,2.3,0.779,1.7,5.1,6.8,1.4,1.6,2.3,1.4,2.4,11.9
38,Jordan Bell,1620564,C,25,MIN,27,0,8.7,1.2,2.2,0.533,0.1,0.3,0.222,1.1,1.9,0.588,0.55,0.6,1.1,0.586,1,1.9,2.9,0.5,0.1,0.4,0.7,0.6,3.1
103,Jordan Clarkson,13437500,SG,27,CLE,29,0,23,5,11.2,0.442,2,5.5,0.371,2.9,5.8,0.509,0.532,2.6,3,0.884,0.7,1.7,2.4,2.4,0.6,0.3,1.3,1.1,14.6
406,Jordan Poole,1964760,SG,20,GSW,57,14,22.4,2.9,8.8,0.333,1.3,4.6,0.279,1.6,4.2,0.392,0.406,1.7,2.1,0.798,0.2,1.9,2.1,2.4,0.6,0.2,1.3,1.6,8.8
206,Josh Hart,1655160,SF,24,NOP,65,16,27,3.5,8.2,0.423,1.9,5.4,0.342,1.6,2.7,0.584,0.537,1.3,1.8,0.739,0.9,5.6,6.5,1.7,1,0.4,1.2,2.5,10.1
246,Josh Jackson,7059480,SF,22,MEM,22,0,17.3,3.2,7.2,0.44,1,3.3,0.319,2.1,4,0.54,0.513,1.6,2.3,0.7,0.5,2.5,3,1.6,0.8,0.4,1.3,1.8,9
381,Josh Okogie,2530680,SG,21,MIN,62,28,25,2.7,6.4,0.427,0.7,2.5,0.266,2.1,3.9,0.529,0.479,2.5,3.1,0.796,1.4,2.9,4.3,1.6,1.1,0.4,1.4,2.2,8.6
223,Jrue Holiday,26231111,SG,29,NOP,61,61,34.7,7.5,16.5,0.455,2,5.7,0.353,5.5,10.8,0.509,0.516,2.1,3,0.709,1.3,3.5,4.8,6.7,1.6,0.8,3,2.4,19.1
213,Juan Hernangómez,3321030,PF,24,DEN,34,0,12.4,1.1,3.2,0.345,0.4,1.8,0.25,0.7,1.5,0.46,0.414,0.5,0.7,0.64,0.7,2.1,2.8,0.6,0.1,0.1,0.5,0.9,3.1
224,Justin Holiday,4767000,SF,30,IND,73,6,25,2.8,6.7,0.428,1.8,4.5,0.405,1,2.1,0.477,0.566,0.7,0.9,0.791,0.4,2.8,3.3,1.3,1.2,0.6,0.6,1.9,8.3
247,Justin Jackson,3280920,PF,24,DAL,65,3,16.1,2.1,5.2,0.396,0.7,2.5,0.294,1.3,2.7,0.489,0.466,0.6,0.8,0.84,0.4,2,2.4,0.8,0.2,0.2,0.2,1.1,5.5
249,Justin James,898310,SF,23,SAC,36,0,6.4,1,2.3,0.417,0.3,0.8,0.31,0.7,1.5,0.473,0.47,0.3,0.6,0.476,0.2,0.7,0.9,0.5,0.2,0.3,0.2,0.5,2.5
395,Justin Patton,1620564,C,22,OKC,5,0,4.8,0.8,2,0.4,0.2,0.8,0.25,0.6,1.2,0.5,0.45,0,0,,0.2,0.8,1,0.4,0,0,0.4,0.8,1.8
374,Jusuf Nurkić,13125000,C,25,POR,8,8,31.6,6.8,13.6,0.495,0.3,1.3,0.2,6.5,12.4,0.525,0.505,3.9,4.4,0.886,2.9,7.4,10.3,4,1.4,2,2.4,4.9,17.6
350,Juwan Morgan,746054,PF,22,UTA,21,0,6.4,0.7,1.2,0.577,0.1,0.4,0.375,0.6,0.9,0.667,0.635,0.1,0.2,0.75,0.5,0.9,1.4,0.3,0,0.1,0.3,0.9,1.7
294,Kawhi Leonard,32742000,SF,28,LAC,57,57,32.4,9.3,19.9,0.47,2.2,5.7,0.378,7.2,14.2,0.506,0.524,6.2,7.1,0.886,0.9,6.1,7.1,4.9,1.8,0.6,2.6,2,27.1
258,Keldon Johnson,1950600,SF,20,SAS,17,1,17.7,3.1,5.2,0.596,0.8,1.3,0.591,2.4,3.9,0.597,0.669,2.1,2.6,0.795,0.6,2.8,3.4,0.9,0.8,0.1,0.8,1.6,9.1
384,Kelly Olynyk,12667885,C,28,MIA,67,9,19.4,2.7,5.9,0.462,1.4,3.5,0.406,1.3,2.4,0.543,0.582,1.3,1.5,0.86,0.7,3.9,4.6,1.7,0.7,0.3,1.1,2.6,8.2
387,Kelly Oubre Jr.,15625000,SF,24,PHO,56,55,34.5,6.7,14.8,0.452,1.9,5.5,0.352,4.7,9.3,0.511,0.517,3.4,4.4,0.78,1.2,5.3,6.4,1.5,1.3,0.7,1.5,3.4,18.7
373,Kendrick Nunn,1416852,PG,24,MIA,67,67,29.3,6,13.6,0.439,2,5.8,0.35,3.9,7.8,0.505,0.514,1.3,1.5,0.85,0.3,2.4,2.7,3.3,0.8,0.2,1.7,2.3,15.3
85,Kentavious Caldwell-Pope,8089282,SG,26,LAL,69,26,25.5,3.4,7.3,0.467,1.3,3.5,0.385,2.1,3.9,0.541,0.558,1.1,1.5,0.775,0.6,1.5,2.1,1.6,0.8,0.2,0.9,1.9,9.3
233,Kevin Huerter,2636280,SG,21,ATL,56,48,31.4,4.5,10.9,0.413,2.3,6,0.38,2.2,4.9,0.453,0.517,0.9,1.1,0.828,0.6,3.4,4.1,3.8,0.9,0.5,1.6,2.5,12.2
276,Kevin Knox,4380120,SF,20,NYK,65,4,17.9,2.2,6.2,0.359,1,3.1,0.327,1.2,3.1,0.391,0.44,1,1.6,0.653,0.4,2.4,2.8,0.9,0.4,0.4,0.7,1.6,6.4
302,Kevin Love,28942830,PF,31,CLE,56,56,31.8,5.8,13,0.45,2.6,7,0.374,3.2,6,0.537,0.55,3.3,3.9,0.854,1,8.8,9.8,3.2,0.6,0.3,2.5,1.6,17.6
407,Kevin Porter Jr.,1290960,SF,19,CLE,50,3,23.2,3.7,8.4,0.442,1.1,3.2,0.335,2.7,5.3,0.506,0.505,1.5,2,0.723,0.4,2.8,3.2,2.2,0.9,0.3,1.9,2.7,10
299,Kevon Looney,4464226,C,23,GSW,20,4,13.1,1.5,4,0.367,0.1,0.7,0.071,1.4,3.3,0.431,0.373,0.5,0.6,0.75,1.4,1.9,3.3,1,0.6,0.3,0.6,1.7,3.4
43,Khem Birch,3000000,C,27,ORL,48,24,19.2,1.5,3,0.51,0,0,0,1.5,3,0.514,0.51,1.4,2.1,0.653,1.9,2.7,4.6,1,0.4,0.5,0.6,1.9,4.4
336,Khris Middleton,30603448,SF,28,MIL,62,59,29.9,7.6,15.3,0.497,2.4,5.7,0.415,5.2,9.6,0.546,0.575,3.4,3.7,0.916,0.7,5.5,6.2,4.3,0.9,0.1,2.2,2.3,20.9
142,Kris Dunn,5348007,PG,25,CHI,51,32,24.9,3,6.7,0.444,0.6,2.2,0.259,2.4,4.5,0.535,0.487,0.8,1.1,0.741,0.5,3.2,3.6,3.4,2,0.3,1.3,3.1,7.3
58,Ky Bowman,350189,PG,22,GSW,45,12,22.6,3,7.1,0.417,0.7,2.4,0.308,2.2,4.8,0.472,0.469,0.8,0.9,0.829,0.5,2.2,2.7,2.9,1,0.2,1.6,2.3,7.4
11,Kyle Anderson,9073050,SF,26,MEM,67,28,19.9,2.3,4.9,0.474,0.4,1.3,0.282,2,3.7,0.541,0.511,0.8,1.2,0.667,0.9,3.4,4.3,2.4,0.8,0.6,1,1.7,5.8
280,Kyle Korver,1620564,SF,38,MIL,58,1,16.6,2.2,5.1,0.43,1.7,4.1,0.418,0.5,1,0.482,0.599,0.6,0.7,0.854,0.3,1.8,2.1,1.2,0.4,0.2,0.8,1.3,6.7
282,Kyle Kuzma,1974600,PF,24,LAL,61,9,25,4.8,11,0.436,1.4,4.5,0.316,3.4,6.5,0.518,0.5,1.9,2.5,0.735,0.9,3.6,4.5,1.3,0.5,0.4,1.5,2.1,12.8
303,Kyle Lowry,34996296,PG,33,TOR,58,58,36.2,5.8,13.8,0.416,2.8,8,0.352,2.9,5.8,0.504,0.518,5.1,5.9,0.857,0.6,4.5,5,7.5,1.4,0.4,3.1,3.3,19.4
377,Kyle O'Quinn,1620564,C,29,PHI,29,2,10.8,1.4,2.9,0.494,0.2,0.9,0.259,1.2,2,0.603,0.535,0.4,0.7,0.55,1.2,2.8,4,1.8,0.2,0.8,0.7,1.3,3.5
241,Kyrie Irving,31742000,PG,27,BRK,20,20,32.9,10,20.8,0.478,2.8,7.1,0.394,7.2,13.7,0.522,0.546,4.7,5.1,0.922,1.1,4.1,5.2,6.4,1.4,0.5,2.6,2.7,27.4
382,KZ Okpala,898310,PF,20,MIA,5,0,5.2,0.6,1,0.6,0,0.2,0,0.6,0.8,0.75,0.6,0.2,0.4,0.5,0.2,0.8,1,0.2,0.4,0.2,0.2,0.4,1.4
3,LaMarcus Aldridge,26000000,C,34,SAS,53,53,33.1,7.4,15,0.493,1.2,3,0.389,6.2,12,0.519,0.532,3,3.6,0.827,1.9,5.5,7.4,2.4,0.7,1.6,1.4,2.4,18.9
168,Langston Galloway,7333333,SG,28,DET,66,6,25.8,3.6,8.2,0.435,2,5,0.399,1.6,3.2,0.493,0.557,1.1,1.3,0.859,0.5,1.8,2.3,1.5,0.7,0.2,0.6,1.5,10.3
363,Larry Nance Jr.,12727273,PF,27,CLE,56,10,26.3,4.1,7.7,0.531,1,2.8,0.352,3.1,4.9,0.636,0.596,0.9,1.3,0.676,1.9,5.4,7.3,2.2,1,0.4,1.1,1.6,10.1
313,Lauri Markkanen,5300400,PF,22,CHI,50,50,29.8,5,11.8,0.425,2.2,6.3,0.344,2.8,5.5,0.518,0.517,2.5,3.1,0.824,1.2,5.1,6.3,1.5,0.8,0.5,1.6,1.9,14.7
250,LeBron James,37436858,PG,35,LAL,67,67,34.6,9.6,19.4,0.493,2.2,6.3,0.348,7.4,13.1,0.564,0.55,3.9,5.7,0.693,1,6.9,7.8,10.2,1.2,0.5,3.9,1.8,25.3
24,Lonzo Ball,8719320,PG,22,NOP,63,54,32.1,4.4,10.9,0.403,2.3,6.3,0.375,2,4.6,0.442,0.511,0.7,1.2,0.566,1.1,5,6.1,7,1.4,0.6,3.1,2,11.8
321,Luc Mbah a Moute,4320500,PF,33,HOU,3,0,8.3,0.7,1.7,0.4,0,0.7,0,0.7,1,0.667,0.4,0.3,0.7,0.5,0.3,0.3,0.7,0,0.7,0,0.3,0,1.7
135,Luguentz Dort,155647,SF,20,OKC,36,28,22.8,2.4,6.1,0.394,0.8,2.8,0.297,1.6,3.3,0.479,0.463,1.2,1.5,0.792,0.7,1.6,2.3,0.8,0.9,0.1,0.6,2.7,6.8
134,Luka Dončić,7683360,PG,20,DAL,61,61,33.6,9.5,20.6,0.463,2.8,8.9,0.316,6.7,11.7,0.574,0.531,7,9.2,0.758,1.3,8.1,9.4,8.8,1,0.2,4.3,2.5,28.8
270,Luke Kennard,3827160,SG,23,DET,28,25,32.9,5.4,12.2,0.442,2.6,6.5,0.399,2.8,5.7,0.491,0.548,2.4,2.7,0.893,0.3,3.2,3.5,4.1,0.4,0.2,1.5,2.3,15.8
279,Luke Kornet,2250000,C,24,CHI,36,14,15.5,2.3,5.2,0.439,0.9,3,0.287,1.4,2.2,0.646,0.521,0.6,0.8,0.714,0.6,1.7,2.3,0.9,0.3,0.7,0.4,1.5,6
68,Malcolm Brogdon,20000000,PG,27,IND,54,54,30.9,6,13.8,0.438,1.4,4.3,0.326,4.6,9.5,0.488,0.489,3.1,3.4,0.892,0.9,4,4.9,7.1,0.6,0.2,2.4,1.8,16.5
339,Malcolm Miller,1588231,SF,26,TOR,28,1,5.8,0.4,1,0.414,0.3,0.8,0.364,0.1,0.3,0.571,0.552,0.1,0.3,0.375,0.1,0.5,0.6,0.4,0.2,0.1,0.1,0.6,1.3
346,Malik Monk,4028400,SG,21,CHO,55,1,21.3,3.9,8.9,0.434,1.1,3.7,0.284,2.8,5.2,0.542,0.494,1.5,1.8,0.82,0.5,2.4,2.9,2.1,0.5,0.3,1.4,1.3,10.3
170,Marc Gasol,25595700,C,35,TOR,44,43,26.4,2.7,6.3,0.427,1.3,3.4,0.385,1.4,3,0.473,0.529,0.8,1.1,0.735,0.7,5.5,6.3,3.3,0.8,0.9,1.3,2.8,7.5
37,Marco Belinelli,5846154,SG,33,SAS,57,0,15.5,2.2,5.5,0.392,1.2,3.1,0.376,1,2.4,0.412,0.498,0.8,1,0.828,0.1,1.6,1.7,1.2,0.2,0,0.3,0.8,6.3
351,Marcus Morris,15000000,PF,30,LAC,19,19,28.9,3.9,9.2,0.425,1.4,4.4,0.31,2.5,4.7,0.533,0.5,0.9,1.2,0.818,0.6,3.5,4.1,1.4,0.7,0.7,1.3,2.7,10.1
217,Mario Hezonja,1737145,PF,24,POR,53,4,16.4,1.7,4.1,0.422,0.5,1.5,0.308,1.3,2.6,0.486,0.477,0.9,1.1,0.814,0.6,2.9,3.5,0.9,0.7,0.2,0.8,2,4.8
164,Markelle Fultz,9745200,PG,21,ORL,72,60,27.7,5,10.7,0.465,0.5,1.9,0.267,4.5,8.8,0.507,0.488,1.6,2.2,0.73,0.6,2.7,3.3,5.1,1.3,0.2,2,2,12.1
352,Markieff Morris,1750000,PF,30,DET,44,16,22.5,4,8.8,0.45,1.7,4.3,0.397,2.3,4.5,0.5,0.546,1.4,1.8,0.772,0.5,3.4,3.9,1.6,0.6,0.3,1.6,2.4,11
191,Marko Guduric,2625000,SG,24,MEM,44,0,11,1.4,3.6,0.395,0.6,1.9,0.301,0.8,1.7,0.5,0.475,0.5,0.6,0.923,0.3,1.3,1.7,1,0.3,0.2,0.8,0.8,3.9
100,Marquese Chriss,654469,PF,22,GSW,59,21,20.3,3.6,6.5,0.545,0.1,0.7,0.205,3.4,5.9,0.584,0.556,2,2.6,0.769,1.9,4.3,6.2,1.9,0.7,1.1,1.3,2.1,9.3
23,Marvin Bagley III,8556120,C,20,SAC,13,6,25.7,6,12.8,0.467,0.3,1.7,0.182,5.7,11.2,0.51,0.479,1.9,2.4,0.806,2.2,5.2,7.5,0.8,0.5,0.9,1.4,3.3,14.2
402,Mason Plumlee,14041096,C,29,DEN,61,1,17.3,2.9,4.7,0.615,0,0.1,0,2.9,4.6,0.625,0.615,1.4,2.5,0.535,1.6,3.6,5.2,2.5,0.5,0.6,1.3,2.3,7.2
127,Matthew Dellavedova,9607500,PG,29,CLE,57,4,14.4,1.1,3.1,0.354,0.4,1.6,0.231,0.7,1.5,0.488,0.414,0.6,0.6,0.865,0.3,1,1.3,3.2,0.4,0,1,1.4,3.1
274,Maxi Kleber,8000000,PF,28,DAL,74,21,25.5,3.2,6.9,0.461,1.6,4.3,0.373,1.6,2.6,0.605,0.577,1.1,1.3,0.849,1.5,3.7,5.2,1.2,0.3,1.1,0.8,2.4,9.1
161,Melvin Frazier,1416852,SG,23,ORL,19,0,6.6,0.8,1.8,0.441,0.4,0.8,0.5,0.4,0.9,0.389,0.559,0.1,0.2,0.5,0.1,0.4,0.5,0.2,0.5,0.1,0.3,0.6,2.1
295,Meyers Leonard,11286516,C,27,MIA,51,49,20.3,2.3,4.6,0.509,1,2.5,0.414,1.3,2.1,0.623,0.622,0.4,0.5,0.643,0.6,4.5,5.1,1.1,0.3,0.3,0.8,2.1,6.1
267,Mfiondu Kabengele,1977000,C,22,LAC,12,0,5.3,1.2,2.7,0.438,0.8,1.7,0.45,0.4,1,0.417,0.578,0.4,0.4,1,0.1,0.8,0.9,0.2,0.2,0.2,0.2,0.8,3.5
92,Michael Carter-Williams,1620564,SG,28,ORL,45,0,18.5,2.5,5.8,0.427,0.5,1.7,0.293,2,4.1,0.481,0.469,1.8,2.1,0.832,1,2.2,3.3,2.4,1.1,0.5,1.2,1.9,7.2
162,Michael Frazier,,SG,25,HOU,13,0,11.2,0.5,2.2,0.241,0.3,1.8,0.174,0.2,0.5,0.5,0.31,0.7,1.1,0.643,0.1,0.7,0.8,0.2,0.2,0,0.4,1.7,2.1
272,Michael Kidd-Gilchrist,595122,PF,26,CHO,12,0,13.3,1.5,4.4,0.34,0.4,1.4,0.294,1.1,3,0.361,0.387,0.6,0.8,0.778,0.8,2.2,2.9,0.8,0,0.3,0.6,1.5,4
64,Mikal Bridges,3755400,SF,23,PHO,73,32,28,3.4,6.6,0.51,1,2.7,0.361,2.4,4,0.61,0.583,1.4,1.7,0.844,0.9,3.1,4,1.8,1.4,0.6,1,2.2,9.1
385,Miye Oni,898310,SF,22,UTA,10,1,10.9,1.2,3.2,0.375,0.7,1.9,0.368,0.5,1.3,0.385,0.484,0.4,0.5,0.8,0.5,1.2,1.7,0.4,0.4,0.2,0.4,0.9,3.5
25,Mo Bamba,5697600,C,21,ORL,62,0,14.2,2.1,4.6,0.462,0.6,1.7,0.346,1.5,2.9,0.531,0.526,0.5,0.7,0.674,1.6,3.3,4.9,0.7,0.4,1.4,0.7,1.9,5.4
353,Monte Morris,1588231,PG,24,DEN,73,12,22.4,3.6,7.8,0.459,0.9,2.4,0.378,2.7,5.4,0.495,0.517,1,1.2,0.843,0.3,1.5,1.9,3.5,0.8,0.2,0.7,1,9
201,Montrezl Harrell,6000000,C,26,LAC,63,2,27.8,7.5,12.9,0.58,0,0.3,0,7.5,12.6,0.593,0.58,3.7,5.6,0.658,2.6,4.5,7.1,1.7,0.6,1.1,1.7,2.3,18.6
298,Nassir Little,2105520,PF,19,POR,48,5,11.9,1.4,3.1,0.43,0.3,1.2,0.237,1.1,1.9,0.554,0.477,0.6,0.9,0.636,0.6,1.6,2.3,0.5,0.3,0.3,0.3,1.5,3.6
46,Nemanja Bjelica,6825000,PF,31,SAC,72,67,27.9,4.4,9.1,0.481,1.9,4.4,0.419,2.5,4.6,0.541,0.583,1,1.2,0.821,1.5,4.8,6.4,2.8,0.9,0.6,1.4,3,11.5
369,Nerlens Noel,1620564,C,25,OKC,61,7,18.5,3,4.4,0.684,0,0,0.333,3,4.4,0.688,0.686,1.3,1.7,0.755,1.5,3.4,4.9,0.9,1,1.5,1.1,2.7,7.4
5,Nickeil Alexander-Walker,2964840,SG,21,NOP,47,1,12.6,2.1,5.7,0.368,1,2.8,0.346,1.1,2.8,0.391,0.455,0.5,0.8,0.676,0.2,1.6,1.8,1.9,0.4,0.2,1.1,1.2,5.7
31,Nicolas Batum,25565217,SF,31,CHO,22,3,23,1.3,3.7,0.346,0.6,2.2,0.286,0.6,1.5,0.438,0.432,0.4,0.5,0.9,1.1,3.4,4.5,3,0.8,0.4,1,1.9,3.6
104,Nicolas Claxton,898310,C,20,BRK,15,0,12.5,1.8,3.2,0.563,0.1,0.5,0.143,1.7,2.7,0.634,0.573,0.7,1.4,0.524,1.3,1.7,2.9,1.1,0.1,0.5,0.6,0.9,4.4
333,Nicolò Melli,4102564,C,29,NOP,60,8,17.4,2.3,5.4,0.421,1.2,3.4,0.335,1.1,2,0.573,0.528,0.9,1.2,0.74,0.6,2.4,3,1.4,0.6,0.4,0.8,2.1,6.6
261,Nikola Jokić,27504630,C,24,DEN,73,73,32,7.7,14.7,0.528,1.1,3.5,0.314,6.6,11.2,0.594,0.565,3.4,4.1,0.817,2.3,7.5,9.7,7,1.2,0.6,3.1,3,19.9
17,OG Anunoby,2281800,SF,22,TOR,69,68,29.9,4.1,8.2,0.505,1.3,3.3,0.39,2.9,4.9,0.583,0.584,1,1.5,0.706,1.2,4.1,5.3,1.6,1.4,0.7,1.1,2.4,10.6
111,Pat Connaughton,1723050,SG,27,MIL,67,4,18.6,2,4.5,0.455,0.8,2.5,0.331,1.2,2,0.607,0.547,0.5,0.6,0.775,0.9,3.3,4.2,1.6,0.4,0.5,0.8,1,5.4
322,Patrick McCaw,4000000,SF,24,TOR,37,12,24.5,1.8,4.4,0.414,0.6,1.9,0.324,1.2,2.5,0.484,0.485,0.4,0.5,0.722,0.5,1.8,2.3,2.1,1.1,0.1,0.8,1.6,4.6
394,Patrick Patterson,1620564,PF,30,LAC,59,18,13.2,1.6,3.9,0.408,1.1,2.9,0.39,0.5,1,0.459,0.552,0.6,0.7,0.814,0.6,2,2.6,0.7,0.1,0.1,0.4,0.9,4.9
340,Patty Mills,12428571,PG,31,SAS,66,1,22.5,3.9,9.1,0.431,2.3,6.1,0.382,1.6,3,0.533,0.56,1.5,1.7,0.866,0.3,1.3,1.6,1.8,0.8,0.1,0.8,1.6,11.6
172,Paul George,30560700,SF,29,LAC,48,48,29.6,7.1,16.3,0.439,3.3,7.9,0.412,3.9,8.4,0.464,0.539,4,4.5,0.876,0.5,5.2,5.7,3.9,1.4,0.4,2.6,2.4,21.5
341,Paul Millsap,30350000,PF,34,DEN,51,48,24.3,4.1,8.6,0.482,1.1,2.4,0.435,3.1,6.2,0.5,0.543,2.3,2.8,0.816,1.9,3.8,5.7,1.6,0.9,0.6,1.4,2.9,11.6
112,Quinn Cook,3000000,PG,26,LAL,44,1,11.5,2.1,4.9,0.425,0.7,1.9,0.365,1.4,2.9,0.465,0.498,0.3,0.3,0.786,0.3,0.9,1.2,1.1,0.3,0,0.8,0.6,5.1
365,Raul Neto,1620564,PG,27,PHI,54,3,12.4,1.9,4.1,0.455,0.6,1.6,0.386,1.2,2.5,0.5,0.532,0.7,0.9,0.83,0.2,0.9,1.1,1.8,0.4,0.1,0.9,0.9,5.1
28,RJ Barrett,7839960,SG,19,NYK,56,55,30.4,5.2,13,0.402,1.1,3.5,0.32,4.1,9.5,0.432,0.445,2.8,4.5,0.614,0.9,4.1,5,2.6,1,0.3,2.2,2.2,14.3
114,Robert Covington,11301219,C,29,HOU,22,21,33,4,10.3,0.392,2.4,7.6,0.315,1.6,2.7,0.61,0.509,1.1,1.4,0.8,1.2,6.8,8,1.5,1.6,2.2,1.4,3.3,11.6
301,Robin Lopez,4767000,C,31,MIL,66,5,14.5,2.2,4.5,0.492,0.5,1.6,0.333,1.7,2.9,0.577,0.55,0.4,0.8,0.528,0.8,1.6,2.4,0.7,0.2,0.7,1,1.5,5.4
281,Rodions Kurucs,1699236,PF,21,BRK,47,9,14.6,1.7,3.8,0.446,0.7,1.9,0.367,1,1.9,0.529,0.54,0.5,0.8,0.632,0.5,2.4,2.9,1.1,0.5,0.1,1,1.9,4.6
227,Rodney Hood,5718000,SF,27,POR,21,21,29.5,4.1,8.2,0.506,1.7,3.4,0.493,2.5,4.8,0.515,0.608,1,1.3,0.778,0.5,3,3.4,1.5,0.8,0.2,0.9,2.2,11
328,Rodney McGruder,4807693,SG,28,LAC,56,4,15.6,1.3,3.2,0.398,0.4,1.6,0.27,0.9,1.6,0.522,0.464,0.3,0.6,0.559,0.5,2.2,2.7,0.6,0.5,0.1,0.4,1.3,3.3
285,Romeo Langford,3458400,SG,20,BOS,32,2,11.6,0.9,2.5,0.35,0.2,0.8,0.185,0.7,1.7,0.434,0.381,0.6,0.8,0.72,0.5,0.8,1.3,0.4,0.3,0.3,0.3,1,2.5
225,Rondae Hollis-Jefferson,2500000,PF,25,TOR,60,6,18.7,2.6,5.5,0.471,0.1,0.4,0.13,2.5,5.1,0.497,0.476,1.8,2.4,0.734,1.8,2.9,4.7,1.8,0.8,0.4,1,1.9,7
376,Royce O'Neale,1618520,SF,26,UTA,71,62,28.9,2.2,5.1,0.433,1.3,3.4,0.377,0.9,1.7,0.545,0.559,0.6,0.8,0.764,0.4,5.1,5.5,2.5,0.8,0.5,0.9,2.8,6.3
171,Rudy Gay,14500000,PF,33,SAS,67,5,21.8,4,8.9,0.446,1.1,3.3,0.336,2.9,5.6,0.511,0.508,1.8,2,0.882,0.9,4.5,5.4,1.7,0.5,0.5,1.3,1.5,10.8
176,Rudy Gobert,23241573,C,27,UTA,68,68,34.3,5.7,8.2,0.693,0,0,,5.7,8.2,0.693,0.693,3.7,5.9,0.63,3.4,10.1,13.5,1.5,0.8,2,1.9,3.2,15.1
193,Rui Hachimura,4469160,PF,21,WAS,48,48,30.1,5.3,11.4,0.466,0.5,1.8,0.287,4.8,9.5,0.5,0.489,2.4,2.9,0.829,1.6,4.5,6.1,1.8,0.8,0.2,1.1,2.2,13.5
12,Ryan Anderson,1620564,C,31,HOU,2,0,7,1,3.5,0.286,0.5,2.5,0.2,0.5,1,0.5,0.357,0,0,,0,3.5,3.5,1,0.5,0,0.5,0.5,2.5
18,Ryan Arcidiacono,3000000,PG,25,CHI,58,4,16,1.6,3.8,0.409,0.9,2.4,0.391,0.6,1.4,0.439,0.532,0.5,0.7,0.711,0.3,1.6,1.9,1.7,0.5,0.1,0.6,1.7,4.5
67,Ryan Broekhoff,1416852,SF,29,DAL,17,1,10.6,1.3,3.5,0.373,1.2,3,0.392,0.1,0.5,0.25,0.542,0.4,0.5,0.875,0.3,2.2,2.5,0.6,0.3,0.2,0.4,0.9,4.2
137,Sekou Doumbouya,2054856,PF,19,DET,38,19,19.8,2.4,6.2,0.39,0.7,2.6,0.286,1.7,3.6,0.464,0.449,0.8,1.2,0.674,0.5,2.6,3.1,0.5,0.5,0.2,0.9,2.1,6.4
378,Semi Ojeleye,1618520,PF,25,BOS,69,6,14.7,1.2,2.8,0.408,0.7,1.8,0.378,0.5,1,0.464,0.531,0.4,0.5,0.875,0.4,1.7,2.1,0.5,0.3,0.1,0.3,1.2,3.4
236,Serge Ibaka,23271604,C,30,TOR,55,27,27,6.2,12.2,0.512,1.3,3.3,0.385,5,8.9,0.559,0.564,1.6,2.3,0.718,2.1,6.1,8.2,1.4,0.5,0.8,2,2.8,15.4
120,Seth Curry,7461380,SG,29,DAL,64,25,24.6,4.4,9,0.495,2.3,5,0.452,2.2,4,0.549,0.621,1.3,1.5,0.825,0.4,1.8,2.3,1.9,0.6,0.1,1,1.8,12.4
175,Shai Gilgeous-Alexander,3952920,SG,21,OKC,70,70,34.7,6.8,14.5,0.471,1.2,3.6,0.347,5.6,10.9,0.512,0.514,4.1,5.1,0.807,0.7,5.2,5.9,3.3,1.1,0.7,1.9,1.7,19
342,Shake Milton,1455697,SG,23,PHI,40,24,20.1,3.4,6.9,0.484,1.5,3.4,0.43,1.9,3.6,0.535,0.588,1.3,1.6,0.785,0.4,1.8,2.2,2.6,0.5,0.2,1.2,2.3,9.4
205,Shaquille Harrison,1620564,SG,26,CHI,43,10,11.3,1.8,3.8,0.467,0.4,1,0.381,1.4,2.9,0.496,0.515,0.9,1.2,0.78,0.5,1.5,2,1.1,0.8,0.4,0.4,1.3,4.9
283,Skal Labissière,2338847,C,23,POR,33,1,17.2,2.5,4.5,0.551,0.1,0.4,0.231,2.4,4.1,0.582,0.561,0.8,1,0.758,2,3.2,5.1,1.3,0.2,0.9,0.9,2.7,5.8
132,Spencer Dinwiddie,10605600,PG,26,BRK,64,49,31.2,6.6,16,0.415,1.9,6.3,0.308,4.7,9.7,0.485,0.476,5.4,7,0.778,0.5,3,3.5,6.8,0.6,0.3,2.7,2.8,20.6
259,Stanley Johnson,3623000,PF,23,TOR,25,0,6,0.9,2.4,0.373,0.3,1,0.292,0.6,1.4,0.429,0.432,0.4,0.6,0.563,0.3,1.2,1.5,0.8,0.2,0.2,0.6,0.6,2.4
271,Stanton Kidd,898310,SG,27,UTA,4,0,3.8,0,0.8,0,0,0.3,0,0,0.5,0,0,0,0,,0,0.8,0.8,0.3,0,0,0.5,0.8,0
121,Stephen Curry,40231758,PG,31,GSW,5,5,27.8,6.6,16.4,0.402,2.4,9.8,0.245,4.2,6.6,0.636,0.476,5.2,5.2,1,0.8,4.4,5.2,6.6,1,0.4,3.2,2.2,20.8
74,Sterling Brown,1618520,SF,24,MIL,52,1,14.8,1.8,4.9,0.371,0.8,2.6,0.324,1,2.3,0.425,0.457,0.6,0.8,0.8,0.6,2.9,3.5,1,0.6,0.1,0.8,1,5.1
1,Steven Adams,25842697,C,26,OKC,63,63,26.7,4.5,7.6,0.592,0,0,0.333,4.5,7.5,0.594,0.593,1.9,3.2,0.582,3.3,6,9.3,2.3,0.8,1.1,1.5,1.9,10.9
361,Svi Mykhailiuk,1416852,SF,22,DET,56,27,22.6,3,7.2,0.41,2.1,5.1,0.404,0.9,2.1,0.425,0.552,1,1.3,0.814,0.3,1.6,1.9,1.9,0.7,0.1,1.1,1.6,9
289,T.J. Leaf,2813280,PF,22,IND,28,1,7.9,1.3,3.1,0.419,0.2,0.6,0.278,1.1,2.4,0.456,0.448,0.3,0.6,0.438,0.8,1.7,2.5,0.3,0.4,0.1,0.3,0.8,3
324,T.J. McConnell,3500000,PG,27,IND,71,3,18.7,3,5.8,0.516,0.1,0.2,0.294,2.9,5.5,0.525,0.522,0.5,0.6,0.833,0.5,2.1,2.7,5,0.8,0.2,1.4,1,6.5
173,Taj Gibson,9000000,C,34,NYK,62,56,16.5,2.7,4.6,0.584,0.1,0.2,0.286,2.6,4.4,0.599,0.591,0.7,0.9,0.732,1.8,2.5,4.3,0.8,0.4,0.5,0.8,2,6.1
229,Talen Horton-Tucker,898310,SG,19,LAL,6,1,13.5,2.3,5,0.467,0.7,2.2,0.308,1.7,2.8,0.588,0.533,0.3,0.7,0.5,0.3,0.8,1.2,1,1.3,0.2,1,1.7,5.7
311,Terance Mann,1000000,SF,23,LAC,41,6,8.8,0.9,1.9,0.468,0.2,0.5,0.35,0.7,1.4,0.508,0.513,0.4,0.7,0.667,0.2,1.1,1.3,1.3,0.3,0.1,0.4,1.1,2.4
125,Terence Davis,898310,SG,22,TOR,72,4,16.8,2.8,6.1,0.456,1.3,3.4,0.388,1.5,2.7,0.541,0.564,0.7,0.8,0.864,0.7,2.6,3.3,1.6,0.5,0.2,1.1,1.7,7.5
154,Terrance Ferguson,2475840,SF,21,OKC,56,38,22.4,1.4,3.9,0.355,0.9,3,0.292,0.5,0.9,0.558,0.466,0.3,0.4,0.75,0.4,0.9,1.3,0.9,0.5,0.3,0.6,2.8,3.9
15,Thanasis Antetokounmpo,1445697,SF,27,MIL,20,2,6.5,1.2,2.4,0.5,0,0.5,0,1.2,1.9,0.632,0.5,0.4,0.9,0.412,0.6,0.6,1.2,0.8,0.4,0.1,0.6,0.9,2.8
401,Theo Pinson,1445697,SG,24,BRK,33,0,11.1,1.4,4.7,0.29,0.5,2.4,0.188,0.9,2.3,0.4,0.339,0.5,0.5,0.938,0.3,1.3,1.6,1.7,0.5,0.1,1,1.1,3.6
77,Thomas Bryant,8000000,C,22,WAS,46,36,24.9,5.3,9.1,0.581,0.8,2,0.407,4.5,7.1,0.63,0.626,1.9,2.5,0.741,2.1,5.1,7.2,1.8,0.5,1.1,1.2,2.2,13.2
310,Thon Maker,3569643,C,22,DET,60,14,12.9,1.6,3.2,0.482,0.4,1.1,0.344,1.2,2.2,0.55,0.539,1.2,1.8,0.664,0.9,1.9,2.8,0.7,0.4,0.7,0.8,1.7,4.7
163,Tim Frazier,1620564,PG,29,DET,27,11,13.1,1.3,3.5,0.362,0.4,1.1,0.333,0.9,2.4,0.375,0.415,0.7,0.9,0.792,0.3,0.9,1.2,3.4,0.5,0.1,1.3,1.6,3.6
197,Tim Hardaway Jr.,20025127,SG,27,DAL,71,58,29.5,5.4,12.5,0.434,2.9,7.2,0.398,2.5,5.2,0.485,0.55,2.1,2.6,0.819,0.4,2.9,3.3,1.9,0.6,0.1,1,1.8,15.8
304,Timothé Luwawu-Cabarrot,654469,SF,24,BRK,47,2,18.1,2.5,5.7,0.435,1.3,3.4,0.388,1.2,2.3,0.505,0.55,1.5,1.7,0.852,0.6,2.1,2.7,0.6,0.4,0.1,0.8,2.3,7.8
204,Tobias Harris,32742000,PF,27,PHI,72,72,34.3,7.7,16.3,0.471,1.8,5,0.367,5.9,11.3,0.517,0.527,2.4,3,0.806,1,5.9,6.9,3.2,0.7,0.6,1.4,2.3,19.6
60,Tony Bradley,1962360,C,22,UTA,58,3,11.4,2.2,3.3,0.667,0.1,0.1,1,2.1,3.2,0.661,0.675,0.5,0.8,0.652,1.9,2.7,4.6,0.4,0.2,0.6,0.5,2,4.9
116,Torrey Craig,2000000,SF,29,DEN,58,27,18.5,2.1,4.6,0.461,0.8,2.4,0.326,1.4,2.3,0.603,0.545,0.4,0.6,0.611,1.1,2.2,3.3,0.8,0.4,0.6,0.4,2.3,5.4
181,Treveon Graham,1645357,SF,26,MIN,33,20,20.1,1.9,5.3,0.354,0.6,2.5,0.241,1.3,2.8,0.457,0.411,0.8,1.1,0.73,0.9,2.2,3,0.9,0.5,0.1,0.6,2,5.2
19,Trevor Ariza,12195122,SF,34,SAC,32,0,24.7,2,5.2,0.388,1.3,3.8,0.352,0.7,1.3,0.488,0.518,0.7,0.8,0.778,0.7,3.9,4.6,1.6,1.1,0.2,0.9,2,6
79,Trey Burke,1620564,PG,27,PHI,25,0,13.2,2.4,5.1,0.465,0.6,1.5,0.421,1.7,3.6,0.483,0.528,0.5,0.7,0.722,0.6,0.8,1.4,2.1,0.3,0,0.5,0.8,5.9
305,Trey Lyles,5500000,PF,24,SAS,63,53,20.2,2.4,5.4,0.446,1,2.7,0.387,1.4,2.8,0.503,0.541,0.5,0.7,0.733,1.1,4.6,5.7,1.1,0.4,0.4,0.6,1.6,6.4
75,Troy Brown Jr.,3219480,SF,20,WAS,69,22,25.8,4,9,0.439,0.9,2.6,0.341,3.1,6.4,0.479,0.488,1.6,2,0.784,1.1,4.4,5.6,2.6,1.2,0.1,1.1,1.9,10.4
122,Troy Daniels,384541,SG,28,LAL,41,0,11.1,1.5,3.9,0.392,1,2.7,0.357,0.5,1.1,0.478,0.519,0.2,0.4,0.625,0.3,0.8,1.1,0.3,0.2,0.1,0.2,0.7,4.2
253,Ty Jerome,2193480,SG,22,PHO,31,0,10.6,1.2,3.6,0.336,0.5,1.6,0.28,0.8,2,0.381,0.398,0.4,0.5,0.75,0.2,1.3,1.5,1.4,0.5,0.1,0.6,0.9,3.3
215,Tyler Herro,3640200,SG,20,MIA,55,8,27.4,4.9,11.5,0.428,2.1,5.4,0.389,2.8,6.1,0.462,0.52,1.6,1.8,0.87,0.3,3.8,4.1,2.2,0.6,0.2,1.6,1.4,13.5
260,Tyler Johnson,183115,PG,27,PHO,31,3,16.6,2.1,5.5,0.38,0.8,2.7,0.289,1.3,2.8,0.466,0.45,0.8,1,0.75,0.3,1.4,1.7,1.6,0.4,0.3,0.8,1.4,5.7
95,Tyson Chandler,1620564,C,37,HOU,26,5,8.4,0.5,0.7,0.778,0,0,,0.5,0.7,0.778,0.778,0.2,0.5,0.462,1,1.6,2.5,0.2,0.2,0.3,0.3,1.2,1.3
264,Tyus Jones,9258000,PG,23,MEM,65,6,19,3,6.6,0.459,0.7,1.9,0.379,2.3,4.7,0.492,0.514,0.7,0.9,0.741,0.1,1.4,1.6,4.4,0.9,0.1,0.8,0.7,7.4
208,Udonis Haslem,1620564,C,39,MIA,4,1,11,1,2.8,0.364,0.3,0.8,0.333,0.8,2,0.375,0.409,0.8,1,0.75,0.3,3.8,4,0.3,0,0,0.3,1.5,3
383,Victor Oladipo,21000000,SG,27,IND,19,16,27.8,5.1,12.9,0.394,1.7,5.5,0.317,3.4,7.5,0.451,0.461,2.5,3.1,0.814,0.5,3.5,3.9,2.9,0.9,0.2,2.5,1.9,14.5
90,Vince Carter,1620564,PF,43,ATL,60,0,14.6,1.8,5.1,0.352,1,3.4,0.302,0.8,1.7,0.451,0.452,0.4,0.5,0.793,0.3,1.8,2.1,0.8,0.4,0.4,0.6,1.5,5
404,Vincent Poirier,2505793,C,26,BOS,22,0,5.9,0.8,1.6,0.472,0,0.1,0.5,0.7,1.5,0.471,0.486,0.3,0.3,0.857,0.6,1.4,2,0.4,0.1,0.4,0.4,1.1,1.9
86,Vlatko Čančar,898310,PF,22,DEN,14,0,3.2,0.4,1.1,0.4,0.1,0.4,0.167,0.4,0.6,0.556,0.433,0.3,0.3,1,0.4,0.4,0.7,0.2,0.1,0.1,0.2,0.5,1.2
145,Wayne Ellington,8000000,SG,32,NYK,36,1,15.5,1.7,4.8,0.351,1.4,4,0.35,0.3,0.9,0.355,0.494,0.3,0.4,0.846,0.1,1.7,1.8,1.2,0.4,0.1,0.5,1.1,5.1
91,Wendell Carter Jr.,5201400,C,20,CHI,43,43,29.2,4.3,8,0.534,0.1,0.7,0.207,4.1,7.3,0.564,0.542,2.6,3.5,0.737,3.2,6.2,9.4,1.2,0.8,0.8,1.7,3.8,11.3
165,Wenyen Gabriel,1445697,PF,22,SAC,11,0,5.5,0.5,1.5,0.353,0.1,0.7,0.125,0.5,0.8,0.556,0.382,0.5,0.9,0.6,0.4,0.5,0.9,0.3,0.3,0.2,0.5,0.6,1.7
243,Wesley Iwundu,1618420,SF,25,ORL,52,21,18.3,1.9,4.5,0.416,0.5,1.6,0.341,1.3,2.9,0.457,0.476,1.5,1.9,0.804,0.5,2.1,2.5,1.2,0.5,0.3,0.5,1.5,5.8
320,Wesley Matthews,2564753,SG,33,MIL,67,67,24.4,2.5,6.3,0.396,1.6,4.4,0.364,0.9,1.9,0.472,0.524,0.8,1,0.765,0.3,2.1,2.5,1.4,0.6,0.1,0.6,1.5,7.4
29,Will Barton,12776786,SF,29,DEN,58,58,33,5.7,12.7,0.45,1.9,5,0.375,3.9,7.8,0.498,0.523,1.8,2.3,0.767,1.3,5,6.3,3.7,1.1,0.5,1.5,2.1,15.1
94,Willie Cauley-Stein,2177483,C,26,GSW,41,37,22.9,3.5,6.3,0.56,0,0,,3.5,6.3,0.56,0.56,0.9,1.4,0.614,1.7,4.5,6.2,1.5,1.1,1.2,0.9,2.5,7.9
214,Willy Hernangómez,1676735,C,25,CHO,31,0,12.1,2.4,4.5,0.532,0.2,0.7,0.227,2.2,3.8,0.59,0.55,1.2,1.9,0.627,1.4,2.9,4.3,0.9,0.3,0.2,1,1,6.1
96,Wilson Chandler,1620564,PF,32,BRK,35,3,21,2.1,5.2,0.404,1.1,3.5,0.306,1.1,1.8,0.597,0.505,0.6,0.7,0.87,0.3,3.8,4.1,1.1,0.5,0.3,1,2.3,5.9
156,Yogi Ferrell,3150000,PG,26,SAC,50,0,10.6,1.6,3.8,0.42,0.5,1.6,0.304,1.1,2.2,0.505,0.484,0.7,0.8,0.857,0.1,0.9,1,1.4,0.4,0.1,0.6,0.8,4.4
286,Zach LaVine,19500000,SG,24,CHI,60,60,34.8,9,20,0.45,3.1,8.1,0.38,5.9,11.9,0.497,0.526,4.5,5.6,0.802,0.7,4.1,4.8,4.2,1.5,0.5,3.4,2.2,25.5
